[
  {
    "id": "assessment_q1",
    "type": "multiple-choice",
    "category": "Grammar",
    "question": "Choose the correct sentence:",
    "options": [
      "She don't like coffee.",
      "She doesn't likes coffee.",
      "She doesn't like coffee.",
      "She not like coffee."
    ],
    "correctAnswer": "She doesn't like coffee.",
    "difficulty": "beginner",
    "skillMeasured": "Present simple negative form"
  },
  {
    "id": "assessment_q2",
    "type": "multiple-choice",
    "category": "Vocabulary",
    "question": "What is the meaning of 'postpone'?",
    "options": [
      "To cancel something",
      "To delay until a later time",
      "To finish quickly",
      "To move to a different location"
    ],
    "correctAnswer": "To delay until a later time",
    "difficulty": "intermediate",
    "skillMeasured": "Vocabulary range"
  },
  {
    "id": "assessment_q3",
    "type": "text-input",
    "category": "Writing",
    "question": "Write 2-3 sentences about what you like to do in your free time.",
    "difficulty": "beginner",
    "skillMeasured": "Writing ability"
  },
  {
    "id": "assessment_q4",
    "type": "multiple-choice",
    "category": "Cultural Awareness",
    "question": "In the United States, what is typically considered a polite way to greet someone you're meeting for the first time in a business setting?",
    "options": [
      "Hug them",
      "Kiss them on both cheeks",
      "Shake hands",
      "Bow slightly"
    ],
    "correctAnswer": "Shake hands",
    "difficulty": "beginner",
    "skillMeasured": "Cultural knowledge"
  },
  {
    "id": "assessment_q5",
    "type": "multiple-choice",
    "category": "Listening",
    "question": "Listen to the audio and select what the speaker is talking about.",
    "options": [
      "Weather forecast",
      "Restaurant menu",
      "Travel directions",
      "Job interview"
    ],
    "correctAnswer": "Weather forecast",
    "audioUrl": "/audio/assessment/weather_forecast.mp3",
    "difficulty": "beginner",
    "skillMeasured": "Listening comprehension"
  },
  {
    "id": "assessment_q6",
    "type": "audio-response",
    "category": "Speaking",
    "question": "Record yourself reading the following sentence:",
    "sampleText": "My name is [your name] and I am learning English to improve my communication skills.",
    "difficulty": "beginner",
    "skillMeasured": "Pronunciation"
  },
  {
    "id": "assessment_q7",
    "type": "multiple-choice",
    "category": "Reading",
    "question": "Read the following: 'John went to the store to buy milk, but they were closed. He decided to go to the gas station instead.' Why did John go to the gas station?",
    "options": [
      "To get gas for his car",
      "To meet someone",
      "To try to buy milk there",
      "The passage doesn't say"
    ],
    "correctAnswer": "To try to buy milk there",
    "difficulty": "beginner",
    "skillMeasured": "Reading comprehension"
  },
  {
    "id": "assessment_q8",
    "type": "fill-in-blank",
    "category": "Grammar",
    "question": "Complete the sentence: 'If it _____ tomorrow, we will cancel the picnic.'",
    "options": [
      "rains",
      "will rain",
      "is raining",
      "rain"
    ],
    "correctAnswer": "rains",
    "difficulty": "intermediate",
    "skillMeasured": "Conditional sentences"
  },
  {
    "id": "assessment_q9",
    "type": "multiple-choice",
    "category": "Vocabulary",
    "question": "Which word is a synonym for 'happy'?",
    "options": [
      "Sad",
      "Angry",
      "Joyful",
      "Tired"
    ],
    "correctAnswer": "Joyful",
    "difficulty": "beginner",
    "skillMeasured": "Vocabulary range"
  },
  {
    "id": "assessment_q10",
    "type": "multiple-choice",
    "category": "Cultural Awareness",
    "question": "In the United States, what is typically expected when you receive a formal invitation to an event with 'RSVP'?",
    "options": [
      "Bring a gift",
      "Wear formal attire",
      "Respond whether you will attend",
      "Arrive early"
    ],
    "correctAnswer": "Respond whether you will attend",
    "difficulty": "intermediate",
    "skillMeasured": "Cultural knowledge"
  }
]
