[
  {
    "id": "greeting_ex_1",
    "type": "multiple-choice",
    "question": "What is an appropriate greeting in the morning?",
    "options": ["Good morning", "Good night", "Goodbye", "See you later"],
    "correctAnswer": "Good morning",
    "explanation": "'Good morning' is used as a greeting during the morning hours, typically from when you wake up until noon.",
    "difficulty": "beginner",
    "category": "greetings"
  },
  {
    "id": "greeting_ex_2",
    "type": "fill-in-blank",
    "question": "When you meet someone for the first time, you can say: 'Hello, my _____ is John.'",
    "options": ["name", "called", "naming", "title"],
    "correctAnswer": "name",
    "explanation": "The phrase 'my name is' is used to introduce yourself to others.",
    "difficulty": "beginner",
    "category": "introductions"
  },
  {
    "id": "greeting_ex_3",
    "type": "multiple-choice",
    "question": "What is a polite response when someone introduces themselves to you?",
    "options": ["Nice to meet you", "What do you want?", "I'm busy", "Go away"],
    "correctAnswer": "Nice to meet you",
    "explanation": "'Nice to meet you' is a polite and common response when someone introduces themselves.",
    "difficulty": "beginner",
    "category": "introductions"
  },
  {
    "id": "greeting_ex_4",
    "type": "matching",
    "question": "Match the greeting with the appropriate time of day:",
    "options": [
      {"item": "Good morning", "match": "8:00 AM"},
      {"item": "Good afternoon", "match": "1:00 PM"},
      {"item": "Good evening", "match": "8:00 PM"},
      {"item": "Good night", "match": "11:00 PM"}
    ],
    "correctAnswer": "All matches must be correct",
    "explanation": "Different greetings are used at different times of the day in English.",
    "difficulty": "beginner",
    "category": "greetings"
  },
  {
    "id": "shopping_ex_1",
    "type": "fill-in-blank",
    "question": "Excuse me, where can I find the _____ section?",
    "options": ["fruit", "fruits", "fruity", "fruitful"],
    "correctAnswer": "fruit",
    "explanation": "'Fruit' is the correct term for the section in a grocery store where apples, bananas, etc. are found.",
    "difficulty": "beginner",
    "category": "shopping"
  },
  {
    "id": "shopping_ex_2",
    "type": "multiple-choice",
    "question": "What would you say to a store employee when you need help?",
    "options": ["Excuse me, can you help me?", "Hey you, come here!", "I need this now!", "Where is it?"],
    "correctAnswer": "Excuse me, can you help me?",
    "explanation": "'Excuse me' is a polite way to get someone's attention before asking for help.",
    "difficulty": "beginner",
    "category": "shopping"
  },
  {
    "id": "shopping_ex_3",
    "type": "fill-in-blank",
    "question": "At the checkout, you might say: 'I'd like to pay by _____.'",
    "options": ["card", "money", "hands", "phone"],
    "correctAnswer": "card",
    "explanation": "'Pay by card' is a common phrase used when you want to use a credit or debit card for payment.",
    "difficulty": "beginner",
    "category": "shopping"
  },
  {
    "id": "shopping_ex_4",
    "type": "multiple-choice",
    "question": "Where would you find milk in a grocery store?",
    "options": ["Dairy section", "Produce section", "Bakery", "Meat department"],
    "correctAnswer": "Dairy section",
    "explanation": "Milk and other dairy products are found in the dairy section of a grocery store.",
    "difficulty": "beginner",
    "category": "shopping"
  },
  {
    "id": "emergency_ex_1",
    "type": "multiple-choice",
    "question": "What number should you call in an emergency in the United States?",
    "options": ["911", "999", "112", "000"],
    "correctAnswer": "911",
    "explanation": "In the United States, 911 is the emergency telephone number to get help from police, fire, or medical services.",
    "difficulty": "beginner",
    "category": "emergency"
  },
  {
    "id": "emergency_ex_2",
    "type": "fill-in-blank",
    "question": "If you have chest pain, you should say: 'I have a _____ in my chest.'",
    "options": ["pain", "hurt", "ouch", "bad"],
    "correctAnswer": "pain",
    "explanation": "'Pain' is the correct word to describe physical discomfort or suffering.",
    "difficulty": "beginner",
    "category": "emergency"
  },
  {
    "id": "emergency_ex_3",
    "type": "multiple-choice",
    "question": "What should you tell the 911 operator first?",
    "options": ["What your emergency is", "Your name", "Your age", "Your insurance information"],
    "correctAnswer": "What your emergency is",
    "explanation": "When calling 911, you should first state what your emergency is so they can send the appropriate help.",
    "difficulty": "beginner",
    "category": "emergency"
  },
  {
    "id": "emergency_ex_4",
    "type": "matching",
    "question": "Match the symptom with the correct body part:",
    "options": [
      {"item": "Headache", "match": "Head"},
      {"item": "Sore throat", "match": "Throat"},
      {"item": "Stomachache", "match": "Stomach"},
      {"item": "Backache", "match": "Back"}
    ],
    "correctAnswer": "All matches must be correct",
    "explanation": "Being able to correctly identify body parts helps when describing symptoms to medical professionals.",
    "difficulty": "beginner",
    "category": "emergency"
  }
]
