[
  {
    "id": "lesson_greetings_intro",
    "title": "Greetings and Introductions",
    "description": "Learn how to greet people and introduce yourself in English.",
    "category": "daily-interactions",
    "level": "beginner",
    "order": 1,
    "duration": 20,
    "prerequisites": [],
    "content": {
      "introduction": "In this lesson, you will learn common greetings and how to introduce yourself in English. These are essential skills for everyday conversations and making new friends in the United States.",
      "sections": [
        {
          "title": "Common Greetings",
          "content": "The most common greetings in English are 'Hello', 'Hi', and 'Good morning/afternoon/evening'. Americans often use casual greetings like 'Hey' or 'What's up?' with friends and acquaintances. When meeting someone for the first time in a formal setting, it's best to use 'Hello' or 'Good morning/afternoon/evening'.",
          "imageUrl": "/images/greetings.png",
          "audioUrl": "/audio/greetings.mp3"
        },
        {
          "title": "Introducing Yourself",
          "content": "To introduce yourself, you can say 'My name is...' or 'I am...'. For example: 'Hello, my name is Maria' or 'Hi, I'm John'. Americans often follow introductions with 'Nice to meet you' or 'It's a pleasure to meet you' in more formal situations.",
          "imageUrl": "/images/introductions.png",
          "audioUrl": "/audio/introductions.mp3"
        },
        {
          "title": "Asking Questions",
          "content": "To ask someone's name, you can say 'What is your name?' or 'What's your name?'. After introductions, common follow-up questions include 'Where are you from?', 'What do you do?', or 'How long have you been in the United States?'.",
          "imageUrl": "/images/questions.png",
          "audioUrl": "/audio/questions.mp3"
        },
        {
          "title": "Saying Goodbye",
          "content": "Common ways to say goodbye include 'Goodbye', 'Bye', 'See you later', 'See you soon', and 'Take care'. In casual situations, Americans might say 'Later', 'Catch you later', or simply 'See ya'.",
          "imageUrl": "/images/goodbyes.png",
          "audioUrl": "/audio/goodbyes.mp3"
        }
      ],
      "culturalNotes": "In the United States, people often greet each other with a handshake in formal or business settings. Among friends, a wave, nod, or brief hug might be appropriate. Americans tend to smile and make eye contact during greetings, which shows friendliness and openness."
    },
    "vocabulary": ["hello", "hi", "good_morning", "good_afternoon", "good_evening", "name", "nice_to_meet_you", "goodbye", "see_you_later"],
    "exercises": ["greeting_ex_1", "greeting_ex_2", "greeting_ex_3", "greeting_ex_4"],
    "dialogues": [
      {
        "title": "Meeting Someone New",
        "scenario": "Two people meet for the first time at a community center.",
        "participants": ["Maria", "John"],
        "exchanges": [
          {
            "speaker": "Maria",
            "text": "Hello, my name is Maria. What's your name?",
            "translation": "",
            "audioUrl": "/audio/dialogue1_1.mp3",
            "notes": "Notice the clear pronunciation of 'What's your name?'"
          },
          {
            "speaker": "John",
            "text": "Hi Maria, I'm John. Nice to meet you.",
            "translation": "",
            "audioUrl": "/audio/dialogue1_2.mp3",
            "notes": ""
          },
          {
            "speaker": "Maria",
            "text": "Nice to meet you too, John. Where are you from?",
            "translation": "",
            "audioUrl": "/audio/dialogue1_3.mp3",
            "notes": ""
          },
          {
            "speaker": "John",
            "text": "I'm from Chicago. How about you?",
            "translation": "",
            "audioUrl": "/audio/dialogue1_4.mp3",
            "notes": "'How about you?' is a common way to ask the same question back."
          },
          {
            "speaker": "Maria",
            "text": "I'm from Mexico. I moved to the United States three months ago.",
            "translation": "",
            "audioUrl": "/audio/dialogue1_5.mp3",
            "notes": ""
          }
        ]
      }
    ],
    "resources": [
      {
        "title": "Common American Greetings",
        "type": "article",
        "url": "/resources/american_greetings.html",
        "description": "A comprehensive guide to formal and informal greetings in American culture."
      }
    ],
    "quiz": {
      "id": "greetings_quiz",
      "title": "Greetings and Introductions Quiz",
      "questions": ["greetings_q1", "greetings_q2", "greetings_q3", "greetings_q4", "greetings_q5"]
    }
  },
  {
    "id": "lesson_shopping_groceries",
    "title": "Shopping for Groceries",
    "description": "Learn vocabulary and phrases for grocery shopping in the United States.",
    "category": "shopping",
    "level": "beginner",
    "order": 2,
    "duration": 25,
    "prerequisites": ["lesson_greetings_intro"],
    "content": {
      "introduction": "In this lesson, you will learn essential vocabulary and phrases for grocery shopping in the United States. Being able to navigate grocery stores and communicate with store employees will help you feel more comfortable in your daily life.",
      "sections": [
        {
          "title": "Food Vocabulary",
          "content": "Learn common food categories and items: Fruits (apples, bananas, oranges), Vegetables (carrots, lettuce, tomatoes), Meat (chicken, beef, pork), Dairy (milk, cheese, yogurt), Grains (bread, rice, pasta), and Beverages (water, juice, coffee).",
          "imageUrl": "/images/food_vocabulary.png",
          "audioUrl": "/audio/food_vocabulary.mp3"
        },
        {
          "title": "Store Sections",
          "content": "American grocery stores are typically divided into sections: Produce (fruits and vegetables), Meat and Seafood, Dairy, Bakery, Frozen Foods, Canned Goods, and Household Items. Understanding these sections will help you find what you need more easily.",
          "imageUrl": "/images/store_sections.png",
          "audioUrl": "/audio/store_sections.mp3"
        },
        {
          "title": "Asking for Help",
          "content": "To ask for help finding items, you can say: 'Excuse me, where can I find...?', 'Could you tell me where the... is?', or 'I'm looking for... Can you help me?'. Store employees are usually happy to help you locate items.",
          "imageUrl": "/images/asking_help.png",
          "audioUrl": "/audio/asking_help.mp3"
        },
        {
          "title": "At the Checkout",
          "content": "Common phrases at checkout include: 'I'd like to pay by card/cash', 'Do you have a loyalty card?', 'Would you like a receipt?', 'Paper or plastic bags?', and 'Do you need help with bagging?'. In many stores, you'll be asked if you want to join their loyalty program for discounts.",
          "imageUrl": "/images/checkout.png",
          "audioUrl": "/audio/checkout.mp3"
        }
      ],
      "culturalNotes": "In the United States, customers typically bag their own groceries at many stores, especially discount stores. Bringing reusable bags is common and sometimes encouraged with small discounts. Tipping is not expected for grocery store employees. Many Americans shop once a week for groceries rather than daily."
    },
    "vocabulary": ["grocery", "fruit", "vegetable", "meat", "dairy", "checkout", "cash", "credit_card", "aisle", "cart", "produce", "receipt"],
    "exercises": ["shopping_ex_1", "shopping_ex_2", "shopping_ex_3", "shopping_ex_4"],
    "dialogues": [
      {
        "title": "Finding Items in the Store",
        "scenario": "A customer asks a store employee for help finding items.",
        "participants": ["Customer", "Employee"],
        "exchanges": [
          {
            "speaker": "Customer",
            "text": "Excuse me, where can I find the rice?",
            "translation": "",
            "audioUrl": "/audio/dialogue2_1.mp3",
            "notes": "Notice the polite 'Excuse me' before asking a question."
          },
          {
            "speaker": "Employee",
            "text": "The rice is in aisle 7, with the pasta and grains.",
            "translation": "",
            "audioUrl": "/audio/dialogue2_2.mp3",
            "notes": ""
          },
          {
            "speaker": "Customer",
            "text": "Thank you. And do you know where I can find olive oil?",
            "translation": "",
            "audioUrl": "/audio/dialogue2_3.mp3",
            "notes": ""
          },
          {
            "speaker": "Employee",
            "text": "Olive oil is in aisle 5, with the cooking oils and vinegars.",
            "translation": "",
            "audioUrl": "/audio/dialogue2_4.mp3",
            "notes": ""
          },
          {
            "speaker": "Customer",
            "text": "Great, thank you for your help.",
            "translation": "",
            "audioUrl": "/audio/dialogue2_5.mp3",
            "notes": "Americans often express gratitude for assistance."
          }
        ]
      }
    ],
    "resources": [
      {
        "title": "American Grocery Store Guide",
        "type": "article",
        "url": "/resources/grocery_guide.html",
        "description": "A guide to navigating American grocery stores and understanding product labels."
      }
    ],
    "quiz": {
      "id": "shopping_quiz",
      "title": "Grocery Shopping Quiz",
      "questions": ["shopping_q1", "shopping_q2", "shopping_q3", "shopping_q4", "shopping_q5"]
    }
  },
  {
    "id": "lesson_medical_emergencies",
    "title": "Medical Emergencies",
    "description": "Learn essential vocabulary and phrases for medical emergencies in the United States.",
    "category": "emergency-english",
    "level": "beginner",
    "order": 3,
    "duration": 30,
    "prerequisites": ["lesson_greetings_intro"],
    "content": {
      "introduction": "In this lesson, you will learn essential vocabulary and phrases for medical emergencies. Being able to communicate effectively during a health crisis is crucial for your safety and wellbeing in the United States.",
      "sections": [
        {
          "title": "Body Parts",
          "content": "Learn names of body parts to describe where you feel pain: Head, chest, stomach, back, arm, leg, throat, ear, eye, etc. Being able to point to and name body parts will help medical professionals understand your symptoms quickly.",
          "imageUrl": "/images/body_parts.png",
          "audioUrl": "/audio/body_parts.mp3"
        },
        {
          "title": "Describing Symptoms",
          "content": "Learn how to describe common symptoms: 'I have a pain in my...', 'I feel dizzy/nauseous', 'I have a fever/headache', 'I'm having trouble breathing', 'I'm allergic to...', 'I have a medical condition...'. Being specific about your symptoms helps doctors diagnose you correctly.",
          "imageUrl": "/images/symptoms.png",
          "audioUrl": "/audio/symptoms.mp3"
        },
        {
          "title": "Calling for Help",
          "content": "Learn how to call 911 and describe your emergency: 'I need an ambulance', 'There's been an accident', 'Someone is unconscious/not breathing'. When calling 911, first state your emergency, then give your location, and answer the dispatcher's questions clearly.",
          "imageUrl": "/images/calling_help.png",
          "audioUrl": "/audio/calling_help.mp3"
        },
        {
          "title": "At the Hospital",
          "content": "Important phrases for hospital visits: 'I need to see a doctor', 'It's an emergency', 'I have/don't have insurance', 'I need a translator', 'Can you explain that again?'. In the U.S., you'll typically be asked about insurance and may need to fill out forms upon arrival.",
          "imageUrl": "/images/hospital.png",
          "audioUrl": "/audio/hospital.mp3"
        }
      ],
      "culturalNotes": "In the United States, call 911 for life-threatening emergencies. For non-emergency medical issues, urgent care centers are often less expensive than emergency rooms. Many hospitals have translation services available if you request them. It's important to know your insurance coverage for emergency services."
    },
    "vocabulary": ["emergency", "pain", "fever", "hospital", "doctor", "ambulance", "911", "help", "symptom", "allergy", "medication", "insurance"],
    "exercises": ["emergency_ex_1", "emergency_ex_2", "emergency_ex_3", "emergency_ex_4"],
    "dialogues": [
      {
        "title": "Calling 911",
        "scenario": "A person calls 911 to report a medical emergency.",
        "participants": ["Caller", "911 Dispatcher"],
        "exchanges": [
          {
            "speaker": "911 Dispatcher",
            "text": "911, what's your emergency?",
            "translation": "",
            "audioUrl": "/audio/dialogue3_1.mp3",
            "notes": "Dispatchers answer with this standard phrase."
          },
          {
            "speaker": "Caller",
            "text": "I need an ambulance. My husband is having chest pain and trouble breathing.",
            "translation": "",
            "audioUrl": "/audio/dialogue3_2.mp3",
            "notes": "State the emergency clearly and concisely."
          },
          {
            "speaker": "911 Dispatcher",
            "text": "What's your location?",
            "translation": "",
            "audioUrl": "/audio/dialogue3_3.mp3",
            "notes": ""
          },
          {
            "speaker": "Caller",
            "text": "We're at 1234 Oak Street, Apartment 5B.",
            "translation": "",
            "audioUrl": "/audio/dialogue3_4.mp3",
            "notes": "Give your complete address including apartment number."
          },
          {
            "speaker": "911 Dispatcher",
            "text": "Is he conscious and breathing?",
            "translation": "",
            "audioUrl": "/audio/dialogue3_5.mp3",
            "notes": ""
          },
          {
            "speaker": "Caller",
            "text": "Yes, he's conscious but having difficulty breathing.",
            "translation": "",
            "audioUrl": "/audio/dialogue3_6.mp3",
            "notes": "Answer questions clearly and directly."
          },
          {
            "speaker": "911 Dispatcher",
            "text": "An ambulance is on the way. Stay on the line with me until they arrive.",
            "translation": "",
            "audioUrl": "/audio/dialogue3_7.mp3",
            "notes": "Always stay on the line unless instructed otherwise."
          }
        ]
      }
    ],
    "resources": [
      {
        "title": "U.S. Emergency Medical Services Guide",
        "type": "article",
        "url": "/resources/emergency_guide.html",
        "description": "A comprehensive guide to emergency medical services in the United States."
      }
    ],
    "quiz": {
      "id": "emergency_quiz",
      "title": "Medical Emergencies Quiz",
      "questions": ["emergency_q1", "emergency_q2", "emergency_q3", "emergency_q4", "emergency_q5"]
    }
  }
]
