[
  {
    "id": "hello",
    "word": "Hello",
    "translation": "",
    "definition": "Used as a greeting when you meet someone.",
    "examples": [
      "Hello, how are you today?",
      "She said hello to everyone at the party."
    ],
    "category": "greetings",
    "difficulty": "beginner",
    "imageUrl": "/images/vocabulary/hello.png",
    "audioUrl": "/audio/vocabulary/hello.mp3",
    "notes": "One of the most common English greetings."
  },
  {
    "id": "hi",
    "word": "Hi",
    "translation": "",
    "definition": "An informal greeting, shorter version of 'hello'.",
    "examples": [
      "Hi, nice to meet you!",
      "Hi there! How's it going?"
    ],
    "category": "greetings",
    "difficulty": "beginner",
    "imageUrl": "/images/vocabulary/hi.png",
    "audioUrl": "/audio/vocabulary/hi.mp3",
    "notes": "Very common in casual situations."
  },
  {
    "id": "good_morning",
    "word": "Good morning",
    "translation": "",
    "definition": "A greeting used in the morning until noon.",
    "examples": [
      "Good morning! Did you sleep well?",
      "She always says good morning to her neighbors."
    ],
    "category": "greetings",
    "difficulty": "beginner",
    "imageUrl": "/images/vocabulary/good_morning.png",
    "audioUrl": "/audio/vocabulary/good_morning.mp3",
    "notes": "Used from sunrise until around 12:00 PM (noon)."
  },
  {
    "id": "good_afternoon",
    "word": "Good afternoon",
    "translation": "",
    "definition": "A greeting used from noon until early evening.",
    "examples": [
      "Good afternoon, welcome to our office.",
      "He arrived at 2:00 PM and said good afternoon."
    ],
    "category": "greetings",
    "difficulty": "beginner",
    "imageUrl": "/images/vocabulary/good_afternoon.png",
    "audioUrl": "/audio/vocabulary/good_afternoon.mp3",
    "notes": "Used from around 12:00 PM (noon) until 5:00 or 6:00 PM."
  },
  {
    "id": "good_evening",
    "word": "Good evening",
    "translation": "",
    "definition": "A greeting used in the evening hours.",
    "examples": [
      "Good evening, everyone. Thank you for coming to the event.",
      "She greeted her guests with a warm good evening."
    ],
    "category": "greetings",
    "difficulty": "beginner",
    "imageUrl": "/images/vocabulary/good_evening.png",
    "audioUrl": "/audio/vocabulary/good_evening.mp3",
    "notes": "Used from around 6:00 PM until bedtime."
  },
  {
    "id": "name",
    "word": "Name",
    "translation": "",
    "definition": "What a person, place, or thing is called.",
    "examples": [
      "My name is John.",
      "What's your name?"
    ],
    "category": "introductions",
    "difficulty": "beginner",
    "imageUrl": "/images/vocabulary/name.png",
    "audioUrl": "/audio/vocabulary/name.mp3",
    "notes": "Essential for introductions."
  },
  {
    "id": "nice_to_meet_you",
    "word": "Nice to meet you",
    "translation": "",
    "definition": "A polite phrase said when you meet someone for the first time.",
    "examples": [
      "Hello, I'm Sarah. Nice to meet you.",
      "Nice to meet you too, Sarah."
    ],
    "category": "introductions",
    "difficulty": "beginner",
    "imageUrl": "/images/vocabulary/nice_to_meet_you.png",
    "audioUrl": "/audio/vocabulary/nice_to_meet_you.mp3",
    "notes": "A common courtesy phrase in American culture."
  },
  {
    "id": "grocery",
    "word": "Grocery",
    "translation": "",
    "definition": "Food and other items sold by a grocer or in a supermarket.",
    "examples": [
      "I need to buy groceries for dinner.",
      "The grocery store closes at 10 PM."
    ],
    "category": "shopping",
    "difficulty": "beginner",
    "imageUrl": "/images/vocabulary/grocery.png",
    "audioUrl": "/audio/vocabulary/grocery.mp3",
    "notes": "In the US, food stores are commonly called 'grocery stores'."
  },
  {
    "id": "fruit",
    "word": "Fruit",
    "translation": "",
    "definition": "The sweet and fleshy product of a tree or other plant that contains seed and can be eaten as food.",
    "examples": [
      "Apples, bananas, and oranges are common fruits.",
      "She likes to eat fresh fruit for breakfast."
    ],
    "category": "food",
    "difficulty": "beginner",
    "imageUrl": "/images/vocabulary/fruit.png",
    "audioUrl": "/audio/vocabulary/fruit.mp3",
    "notes": "Found in the produce section of grocery stores."
  },
  {
    "id": "vegetable",
    "word": "Vegetable",
    "translation": "",
    "definition": "A plant or part of a plant used as food.",
    "examples": [
      "Carrots, broccoli, and spinach are healthy vegetables.",
      "He doesn't like to eat vegetables."
    ],
    "category": "food",
    "difficulty": "beginner",
    "imageUrl": "/images/vocabulary/vegetable.png",
    "audioUrl": "/audio/vocabulary/vegetable.mp3",
    "notes": "Found in the produce section of grocery stores."
  },
  {
    "id": "emergency",
    "word": "Emergency",
    "translation": "",
    "definition": "A serious, unexpected situation requiring immediate action.",
    "examples": [
      "Call 911 in case of emergency.",
      "The hospital emergency room is open 24 hours."
    ],
    "category": "healthcare",
    "difficulty": "beginner",
    "imageUrl": "/images/vocabulary/emergency.png",
    "audioUrl": "/audio/vocabulary/emergency.mp3",
    "notes": "Important word to know for safety situations."
  },
  {
    "id": "pain",
    "word": "Pain",
    "translation": "",
    "definition": "A feeling of discomfort or suffering caused by injury or illness.",
    "examples": [
      "I have a pain in my stomach.",
      "She took medicine for her headache pain."
    ],
    "category": "healthcare",
    "difficulty": "beginner",
    "imageUrl": "/images/vocabulary/pain.png",
    "audioUrl": "/audio/vocabulary/pain.mp3",
    "notes": "Important for describing medical symptoms."
  }
]
